rango,id_oferta,titulo_oferta,descripcion_oferta,empresa,provincia,area,subarea,esco_uri,esco_label,esco_description,esco_code,isco_code,isco_nivel1,isco_nivel1_nombre,isco_nivel2,isco_nivel3,isco_nivel4,skills_esenciales,skills_opcionales,score_bge_m3,score_esco_xlm,metodo,version,evaluacion,notas
BAJO,1118038160,Desarrollador VB.NET SSr. (Apps de escritorio) - Mix (On site & Remoto) - Villa Urquiza - 1747,"¬øQu√© hace la compa√±√≠a?Empresa l√≠der en la provisi√≥n de servicios especializados en materia de medicina extra-hospitalaria con m√°s de 40 a√±os de trayectoria, siendo el traslado de pacientes su servicio m√°s distinguido.¬øQu√© necesit√°s para ser parte del equipo?A nivel personal: Autonom√≠a y proactividad. Orientaci√≥n al servicio. Buenas relaciones interpersonales. Empat√≠a para interactuar con clientes. Capacidad para trabajar en equipos interdisciplinarios. Buenas habilidades de comunicaci√≥n oral y escrita.A nivel t√©cnico:Esperamos que cuentes con m√°s de 3 a√±os de experiencia en un rol similar. Adem√°s, de: M√°s de 3 a√±os de experiencia en desarrollo con VB.NET y C# en aplicaciones de escritorio Winforms. | Excluyente Experiencia en SQL Server para el manejo de bases de datos. | Excluyente Conocimiento en Winforms para desarrollo de aplicaciones de escritorio en Windows. | Excluyente Capacidad para mantener y brindar soporte a aplicaciones CORE de la empresa. Comprensi√≥n del ciclo de vida de software. Conocimiento y sensibilidad est√©tica para mejorar la interfaz de usuario de las aplicaciones.¬øQu√© vas a hacer?Como Desarrollador VB.NET SSr. (Apps de escritorio): Soporte y mantenimiento de aplicaciones principales de la empresa. Mejora de funcionalidades en aproximadamente 40 instalaciones activas de la empresa.¬øCon qui√©n trabajar√°s?Trabajar√°s junto a un equipo de 4 desarrolladores.¬øCon qu√© herramientas trabajar√°s?Las herramientas con las que se trabajar√° ser√°n: Jira, APIS, VB.NET , C# .NET Winforms y DevExpress.¬øCu√°ndo y d√≥nde trabajar√°s?Trabajar√°s bajo un esquema full time, con horarios flexibles y dentro de una franja diurna a elecci√≥n. El esquema de trabajo es en su mayor√≠a remoto, pero deber√°s contar con disponibilidad para asistir 1 vez por semana a las oficinas de Villa Urquiza, CABA.¬øQu√© ofrecen? Modalidad monotributo a cargo de la empresa. Trabajo mayormente remoto. Horarios flex 15 d√≠as de vacaciones. Aguinaldo.¬øDe qu√© fases consta el proceso de selecci√≥n?Tendr√°s u",Aliantec,Buenos Aires,19,2621,http://data.europa.eu/esco/occupation/866c7813-2c03-47d7-9bdc-192cfbace57c,desarrollador de interfaces de usuario/desarrolladora de interfaces de usuario,,,C2512,2,Profesionales cient√≠ficos e intelectuales,25,251,2512,analizar especificaciones de software | desarrollar un prototipo de software | dise√±ar infograf√≠as | dise√±ar una interfaz de usuario | elaborar bocetos | interpretar textos t√©cnicos | lenguajes de la hoja de estilo | normas del consorcio World Wide Web | patrones de dise√±o de la interfaz de usuario del software | programaci√≥n inform√°tica,ABAP | AJAX | APL | ASP.NET | Adobe Illustrator | Adobe Photoshop | Ajax Framework | Ansible | Apache Maven | Assembly (programaci√≥n inform√°tica),0.4940,0.9875,bge-m3+esco-xlm,hybrid-v1,,
BAJO,1118027295,Maestranza part time - turno tarde,"Somos Farmacia Romy. Contamos con una trayectoria de m√°s de 40 a√±os, atendi√©ndote siempre... los 365 d√≠as junto a vos.En nuestra farmacia vas a encontrar:‚Ä¢ Asesoramiento profesional responsable‚Ä¢ Atenci√≥n personalizada‚Ä¢ Honestidad, lealtad y solidaridad‚Ä¢ Productos medicinales de todos los laboratorios.‚Ä¢ Un area de perfumeria con personal altamente capacitado en productos de cuidado personal, adem√°s de las principales y m√°s reconocidas marcas de belleza y cosm√©tica.Atendemos a todas las obras sociales ¬°En Farmacia Romy, con m√°s de 40 a√±os de trayectoria en Mataderos, estamos buscando incorporar a nuestro equipo una persona proactiva, en√©rgica y con ganas de trabajar para la posici√≥n de Personal de Maestranza Part Time!Si te destac√°s por tu compromiso, detalle y pulcritud, esta es tu oportunidad de sumarte a una empresa s√≥lida, enfocada en el servicio y la atenci√≥n a la comunidad. ¬øCu√°l ser√° tu jornada?Te integrar√°s al turno tarde para asegurar el orden y la limpieza de nuestras instalaciones. Horario: Lunes a viernes de 16:00 a 21:00 hs y domingos de 8:00 a 12:00 hs. Modalidad: Part Time. Lugar de trabajo: Mataderos, CABA. ¬øQu√© buscamos en vos? Una persona proactiva, que identifique y resuelva las necesidades de mantenimiento y limpieza. Con excelente predisposici√≥n y compromiso. Una actitud de colaboraci√≥n y servicio. Requisitos: Experiencia previa de al menos 6 meses en posiciones similares, preferentemente en oficinas o empresas. Disponibilidad horaria para cubrir vacaciones y feriados de manera eventual Residir proximo a la zona de Mataderos o con facil acceso Referencias comprobables",FARMACIA ROMY SA,Buenos Aires,22,2609,http://data.europa.eu/esco/occupation/731ecac4-06e8-4ec2-a559-101fecbd9183,camarero de pisos/camarera de pisos,,,C9112,9,Ocupaciones elementales,91,911,9112,garantizar el cumplimiento de la normativa empresarial | gestionar reclamaciones de clientes | limpiar salas | manipular productos qu√≠micos de limpieza | mantener el servicio de atenci√≥n a clientes | mantener el servicio de ropa de cama | normativa de salud y seguridad | observar la legislaci√≥n relevante sobre salud seguridad higiene y otros relativa a las comidas | realizar operaciones de limpieza,encargar suministros | gestionar los suministros | hacer las camas | limpiar aseos | limpiar el suelo de un edificio | limpiar muebles | limpiar superficies de cristal | preparar habitaciones | productos de limpieza | recibir a hu√©spedes,0.4854,0.9882,bge-m3+esco-xlm,hybrid-v1,,
BAJO,1118015901,Pasante de RRHH (perfil Soft),"Somos una empresa de capitales nacionales con gran trayectoria en el rubro especializada en servicios log√≠sticos integrales, brindando soluciones din√°micas, de nivel internacional y flexibles abarcando toda la cadena de suministros. Utilizamos nuestros conocimientos del negocio y experiencia en la regi√≥n, para dise√±ar, planificar y ejecutar soluciones log√≠sticas eficientes, din√°micas y competitivas.Nos respaldan 25 a√±os de experiencia, una marcada apuesta por la innovaci√≥n y lo m√°s importante la satisfacci√≥n de nuestros clientes. Sean cuales sean las caracter√≠sticas de su negocio, tenemos una soluci√≥n a la medida. En Celsur, Entregamos Soluciones. Como pasante de Recursos Humanos tendr√°s la oportunidad de dar tus primeros pasos en el mundo laboral dentro de un √°rea clave para la organizaci√≥n. Tu rol ser√° acompa√±ar y aprender de los distintos procesos de RRHH, sumando tu energ√≠a, curiosidad y ganas de crecer. Buscamos que esta experiencia sea un espacio de aprendizaje real, donde puedas aportar ideas, trabajar en equipo y descubrir c√≥mo se gestionan las personas que hacen posible la operaci√≥n de la empresa.Te vamos a acompa√±ar para que puedas: Colaborar con el equipo en la creaci√≥n y difusi√≥n de contenidos internos (piezas gr√°ficas y redacci√≥n de comunicados) para distintos canales de comunicaci√≥n, asegurando claridad y alineaci√≥n con la cultura organizacional. Brindar soporte en la organizaci√≥n de eventos internos, ferias de empleos y exposiciones corporativas, participando en la log√≠stica, armado de materiales, coordinaci√≥n con proveedores y registro fotogr√°fico. Acompa√±ar a las analistas en la implementaci√≥n de programas de responsabilidad social, diversidad e inclusi√≥n, participando en el seguimiento de acciones y en la comunicaci√≥n de resultados. Colaborar en tareas administrativas vinculadas a la gesti√≥n de beneficios corporativos, como el registro de altas y bajas o la actualizaci√≥n de datos, as√≠ como en la difusi√≥n de la informaci√≥n al personal. Dar apoyo en ",Recursos Humanos Celsur,Buenos Aires,17,48,http://data.europa.eu/esco/occupation/139fba7b-6c1f-40ee-8acf-78f97e57c905,supervisor de gesti√≥n de residuos/supervisora de gesti√≥n de residuos,,,C3122,3,T√©cnicos y profesionales de nivel medio,31,312,3122,"comunicarse con los jefes y directivos | dise√±ar procedimientos para el tratamiento de residuos de la planta | establecer rutas de recolecci√≥n de residuos | garantizar el cumplimiento de las pol√≠ticas | garantizar el cumplimiento de las regulaciones legislativas sobre residuos | garantizar la seguridad de los trabajadores | gestionar el presupuesto de los programas de reciclaje | gestionar recursos humanos | gesti√≥n de residuos | legislaci√≥n en materia de salud, seguridad e higiene",desarrollar estrategias de protecci√≥n contra radiaciones | dise√±ar estrategias de gesti√≥n de emergencias nucleares | eliminar residuos no peligrosos | eliminar residuos peligrosos | emplear procedimientos de protecci√≥n contra la radiaci√≥n | energ√≠a nuclear | equipo de protecci√≥n personal | garantizar el cumplimiento de las normas de protecci√≥n contra radiaciones | gestionar proyectos | gesti√≥n de proyectos,0.4869,0.9839,bge-m3+esco-xlm,hybrid-v1,,
BAJO,1118020774,Repositor,"Somos una compa√±√≠a dedicada a mejorar la vida de la gente.Somos m√°s que una pinturer√≠a, somos hogar, somos familia, somos trayectoria.Somos una empresa l√≠der que sigue creciendo para estar cada vez m√°s cerca del p√∫blico, manteniendo los mismos valores que nos distinguieron siempre. #SomosRex. Nos encontramos en b√∫squeda de un Repositor para incorporarse a nuestro equipo de sucursales: Principales responsabilidades: Recepci√≥n y reposici√≥n de mercader√≠a. Control y entrega de pedidos Control de stock Atenci√≥n al cliente Requisitos: Secundario completo. Experiencia previa en posiciones similares. Se valora la vocaci√≥n al cliente. Modalidad: Presencial- Zona Norte - full time- de lunes a s√°bados Beneficios D√≠a libre por cumplea√±os. Giftcard de cumplea√±os. Descuento de empleado en Rex. Plataforma exclusiva de beneficios y descuentos Soy Rex.‚ÄçÔ∏è 50% de descuento en las membres√≠as de Megatl√≥n y SportClub. Descuento en Seguros. Descuentos en Universidades. Descuentos en el Centro Universitario de Idiomas.‚Äç‚Äç‚Äç Licencias familiares.La contrataci√≥n es directa por la empresa. Si te interesa incorporarte a una empresa l√≠der nacional de retail y en pleno crecimiento. ¬°Te esperamos! ¬°Sumate al equipo de REX!",Rex,Buenos Aires,6,35,http://data.europa.eu/esco/occupation/56245067-16f0-43e7-84fa-4a1e794a6ac0,representante de servicio de alquiler de m√°quinas y equipos de oficina,,,,,Desconocido,,,,aplicar competencias matem√°ticas | asistir a clientes | capacidad financiera | comprensi√≥n del producto | comunicarse con los clientes | cumplir los objetivos de ventas | equipo de oficina | garantizar la satisfacci√≥n del cliente | gestionar los procesos de reclamaciones | gestionar operaciones financieras,,0.4858,0.9866,bge-m3+esco-xlm,hybrid-v1,,
BAJO,2167365,Analista de Documentaci√≥n de Asuntos Regulatorios Internacionales,"Somos un Laboratorio Argentino, que desde 1939 investiga y desarrolla medicamentos confiables para diversas especialidades m√©dicas. Respaldados por unidades de negocios con marcas l√≠deres, proyectos propios de Investigaci√≥n y Desarrollo, licencias de importantes Compa√±√≠as internacionales, plantas productoras que operan en total sincron√≠a y una red de distribuci√≥n de gran alcance, nos ubicamos hoy entre las primeras posiciones del mercado Farmac√©utico Argentino. En Laboratorio Elea queremos sumar a nuestro equipo un/a: Analista de Documentaci√≥n de Asuntos Regulatorios Internacionales para trabajar en nuestra planta de Los Polvorines de lunes a viernes de a 17hs.Orientamos la b√∫squeda a un profesional preparado para realizar la confecci√≥n de dossiers en formato CTD. ¬øCu√°les ser√≠an tus tareas? Elaborar y revisar dossiers en formato CTD para la presentaci√≥n de productos farmac√©uticos. Colaborar con equipos multidisciplinarios para recopilar y organizar datos t√©cnicos y cient√≠ficos. Asegurar el cumplimiento de las normativas y gu√≠as regulatorias internacionales. Mantenerse actualizado con las √∫ltimas regulaciones y tendencias en la industria. Participar en reuniones y comunicaciones con autoridades regulatorias. Mantener actualizadas las bases de datos del sector y documentos asociados. Requisitos: ¬øQu√© necesitamos de vos para sumarte al equipo?‚Äã T√≠tulo universitario (o bien estudiante pr√≥ximo a graduarse) en Qu√≠mica, Bioqu√≠mica, Farmacia, Biotecnolog√≠a, Biolog√≠a o carreras afines. Ingl√©s nivel intermedio. Habilidades anal√≠ticas y atenci√≥n al detalle. Excelentes habilidades de comunicaci√≥n escrita y verbal. Capacidad para trabajar de manera independiente y en equipo. Experiencia en la industria farmac√©utica o biotecnol√≥gica. Conocimiento de herramientas y software de gesti√≥n documental. Habilidades de gesti√≥n de proyectos y organizaci√≥n. Conocimiento de las normativas regulatorias (FDA, EMA, ICH). Beneficios ¬øCu√°l es nuestra propuesta?Es una gran oportunidad para profesi",Laboratorios Elea,Buenos Aires,23,2569,http://data.europa.eu/esco/occupation/580c98d4-fb97-4597-864c-54140f058f1b,analista de calidad en centro de llamadas,,,C3341,3,T√©cnicos y profesionales de nivel medio,33,334,3341,analizar las tendencias en el rendimiento de las llamadas | confidencialidad de la informaci√≥n | evaluar niveles de capacidad de los empleados | formar a los trabajadores sobre el proceso de control de calidad | formular observaciones constructivas | garantizar la satisfacci√≥n del cliente | gesti√≥n de la garant√≠a de calidad de las llamadas | hacer comentarios a los trabajadores sobre su rendimiento | informar sobre errores de llamadas | mantener un elevado nivel de calidad de las llamadas,actividades de venta | analizar la capacidad del personal | apoyar la puesta en marcha de sistemas de gesti√≥n de la calidad | asesorar sobre cultura organizativa | asesorar sobre medidas para mejorar la eficiencia | calcular rentabilidad | capacitar a empleados | encaminamiento de llamadas | ense√±ar a los pacientes a utilizar m√©todos alternativos de comunicaci√≥n | estad√≠stica,0.4920,0.9892,bge-m3+esco-xlm,hybrid-v1,,
MEDIO-BAJO,2164028,Analista Contable Jr. Prestigiosa Universidad Privada. Zona Norte GBA.,"Nuestro Cliente, prestigiosa Universidad privada, nos ha solicitado el Reclutamiento y Selecci√≥n de un/a Analista Contable Junior para incorporar a su Equipo de Contabilidad en Sede Central ubicada en Zona Norte de GBA.Ser√°n sus Responsabilidades: Realizar conciliaciones bancarias. Realizar la conciliaci√≥n y el an√°lisis de cuentas patrimoniales y de resultados. Ejecutar el control de los gastos a devengar. Registrar asientos y provisiones contables. Registrar reclasificaciones contables. Interactuar con otros sectores de la Administraci√≥n. Apoyar en procesos de cierre contable y auditor√≠as internas y externas. Proponer mejoras en los procesos.Requisitos: Estudiante avanzado/a o recientemente graduado/a en carreras Contador/a P√∫blico/a, Administraci√≥n de Empresas o afines. Experiencia previa de al menos 1 a√±o en tareas administrativas y/o contables (valorada). Manejo de Excel Intermedio / Avanzado (f√≥rmulas, tablas din√°micas). Deseable (No Excluyente): Conocimientos en Power BI y SAP. Trabajo en equipo: Colaboraci√≥n activa, actitud din√°mica y proactiva. Aprendizaje continuo: Iniciativa y disposici√≥n para asumir nuevos desaf√≠os. Resoluci√≥n de problemas: Capacidad para adaptarse a cambios y comunicarse con claridad.Jornada Laboral: lunes a viernes 9 a 18hs con modalidad h√≠brida (3 veces presencial y 2 remoto) Lugar de Trabajo: Zona Norte de GBA.Se ofrece puesto fijo en relaci√≥n de dependencia con la Universidad, plan de medicina prepaga, vacaciones extendidas y excelentes condiciones de contrataci√≥n en el marco de una prestigiosa Universidad privada.",PLC Proyecto Laboral Consultores,Buenos Aires,1,58,http://data.europa.eu/esco/occupation/c3aae59e-1441-4b3e-bdd1-6da50dc7cf42,administrativo contable/administrativa contable,,,C3313,3,T√©cnicos y profesionales de nivel medio,33,331,3313,Derecho mercantil | adjuntar los certificados contables a las transacciones contables | amortizaci√≥n | asientos contables | conservar la documentaci√≥n financiera | cumplir las obligaciones estatutarias | detectar errores contables | estados financieros | gestionar el libro mayor | legislaci√≥n fiscal,archivar documentaci√≥n relativa al trabajo | asignar facturas | ayudar al desarrollo del presupuesto anual | calcular impuestos | dar seguimiento a las cuentas a cobrar | derecho laboral | emitir facturas de venta | estad√≠stica | garantizar el cumplimiento de los convenios de contabilidad | gestionar cuentas,0.5878,0.9853,bge-m3+esco-xlm,hybrid-v1,,
MEDIO-BAJO,1117999203,Ejecutivo/a de Ventas (Repuestos),"En ProverVial SA nos encontramos en la b√∫squeda de Ejecutivo/a de Ventas para sumarse a nuestro equipo. El objetivo del puesto es brindar atenci√≥n comercial respecto de nuestros productos (repuestos para maquinaria vial y minera) y gestionar la cartera de clientes. La persona que desempe√±e el rol reportar√° al Jefe de Ventas, asegurando un servicio de excelencia y una experiencia positiva que contribuyan al crecimiento sostenido de la empresa.Se trata de una posici√≥n full time de Lunes a Viernes de 8 a 17hs, con contrato por tiempo indeterminado.Responsabilidades principales: Proporcionar una atenci√≥n de alta calidad a la cartera de Clientes Activos, respondiendo consultas y solucionando inconvenientes de manera efectiva para mantener relaciones comerciales s√≥lidas y leales. Recibir y gestionar las consultas de los clientes ingresantes a trav√©s de los distintos canales de comunicaci√≥n. Confeccionar y enviar los presupuestos de venta por los canales de atenci√≥n estipulados. Gestionar la cartera de Clientas Inactivos para reactivar la actividad comercial, mediante la actualizaci√≥n de informaci√≥n relevante y el diagn√≥stico de sus necesidades. Identificar y captar potenciales Clientes Prospecto, a trav√©s de la investigaci√≥n de la industria y sectores afines, realizando contactos efectivos que expandan la base de clientes de la empresa.Requisitos: Experiencia: 2 a√±os en ventas de productos tangibles de mediana o alta complejidad t√©cnica (excluyente). Formaci√≥n acad√©mica: Estudiante de carreras terciarias/universitarias de Comercializaci√≥n, Marketing, Administraci√≥n de Empresas, afines (deseable). Habilidades: Iniciativa propia; Perseverancia ante los desaf√≠os; Optimismo y tolerancia durante el proceso; Comunicaci√≥n efectiva y escucha activa; Manejo de relaciones interpersonales con trato amable y cordial; Gesti√≥n de relaciones comerciales s√≥lidas con foco centrado en cliente; Trabajo en equipo. Conocimientos t√©cnicos: manejo de sistemas integrados tipo ERP y MS Office (ex",ProverVial SA,Buenos Aires,6,23,http://data.europa.eu/esco/occupation/2eac08c2-a81a-46fc-8d75-eb0e0f3e0f6d,director de ventas y de cuentas de clientes/directora de ventas y de cuentas de clientes,,,C1420,1,Directores y gerentes,14,142,1420,aplicar las pol√≠ticas de la empresa | atraer a nuevos clientes | caracter√≠sticas del producto | caracter√≠sticas del servicio | comprensi√≥n del producto | desarrollar relaciones comerciales | estudiar los niveles de venta de los productos | garantizar la orientaci√≥n al cliente | gestionar contratos | llevar un registro de las ventas,Derecho de la competencia | Derecho del Trabajo | Hablar diferentes idiomas | adaptarse a situaciones de cambio | industria de bienes de consumo | plantear preguntas referentes a documentos | protecci√≥n de los consumidores | realizar estudios de mercado | realizar un discurso de venta | t√©cnicas de contabilidad,0.5895,0.9935,bge-m3+esco-xlm,hybrid-v1,,
MEDIO-BAJO,1118015276,Personal para Atenci√≥n al Cliente y Armado de Pedidos,"Personal para Atenci√≥n al Cliente y Armado de PedidosResumenBuscamos una persona responsable, proactiva y con buena actitud para tareas de atenci√≥n al cliente y armado de paquetes. Si te gustar√≠a sumarte a un equipo din√°mico y con buen ambiente de trabajo, esta es tu oportunidad.Responsabilidades Atenci√≥n al cliente. Armado de pedidos. Mantenimiento del orden.Requisitos Buen trato con el p√∫blico. Orden y atenci√≥n al detalle. Manejo b√°sico de computadora.",Nutrishop,Buenos Aires,25,2571,http://data.europa.eu/esco/occupation/b0fa69b4-998c-4e66-acd3-5f5d73cadb5c,operario de m√°quinas de embalaje y llenado/operaria de m√°quinas de embalaje y llenado,,,C8183,8,Operadores de instalaciones y m√°quinas,81,818,8183,apilar mercanc√≠as | aplicar an√°lisis de peligros y puntos de control cr√≠tico | aplicar pr√°cticas correctas de fabricaci√≥n | aplicar requisitos de fabricaci√≥n de alimentos y bebidas | controlar las operaciones de las m√°quinas | desenvolverse bien en entornos de riesgo | ejecutar instrucciones de trabajo | eliminar residuos no alimenticios en la industria alimentaria | garantizar el control de la calidad del envasado y el embalaje | identificar causas de alteraci√≥n de productos almacenados,"almacenamiento de alimentos | aplicar m√©todos de gasificaci√≥n | asegurar el correcto etiquetado de productos | bombear productos | cumplir con las normas de exportaci√≥n de los diferentes pa√≠ses | etiquetar alimentos | etiquetar muestras | garantizar el cumplimiento de las normas ambientales en la fabricaci√≥n de alimentos | legislaci√≥n en materia de salud, seguridad e higiene | manipular productos qu√≠micos de limpieza",0.5706,0.9903,bge-m3+esco-xlm,hybrid-v1,,
MEDIO-BAJO,2166572,Full Stack Dev (React - Node),"SOFTWARE QUE HACE DESPEGAR TU PROYECTO DIGITAL Crear una aplicaci√≥n es como lanzar un cohete al espacio. Una ciencia que necesita calidad y precisi√≥n. M√°s de 15 a√±os creando plataformas seguras, escalables y con impacto.Somos especialistas en desarrollo de software a medida de soluciones de Inteligencia Artificial y Salud Digital. ARGENTINAOFERTA LABORAL ‚Äç Full Stack Dev ‚Äç Visit√° el sitio web: Si te interesa la posici√≥n o conoc√©s a alguien que pueda estar interesada, ¬°postulate aca! Requisitos: Requisitos excluyentes: Experiencia en desarrollo con React, y Express. Conocimientos s√≥lidos en MongoDB (Mongoose). Experiencia trabajando con AWS (ECS, SQS) Manejo de Docker Beneficios Remoto Prepaga Swiss Medical Reconocimiento de trayectoria‚Å£‚Å£‚Äç Capacitaciones de Udemy Abonamos tu factura de internet‚Å£‚Å£ Acceso a plataforma de beneficios Bonda",Mercedes Damico,Buenos Aires,19,2621,http://data.europa.eu/esco/occupation/bd272aee-adc9-4a06-a15c-a73b4b4a46a7,desarrollador de aplicaciones de TIC/desarrolladora de aplicaciones de TIC,,,C2514,2,Profesionales cient√≠ficos e intelectuales,25,251,2514,Proponer soluciones tecnol√≥gicas a problemas empresariales | analizar especificaciones de software | crear diagrama de flujo | depurar software | desarrollar m√©todos de migraci√≥n automatizada | desarrollar un prototipo de software | gestionar conocimientos empresariales | herramientas de depuraci√≥n de las TIC | herramientas para la gesti√≥n de la configuraci√≥n del software | identificar requisitos del cliente,ABAP | AJAX | APL | ASP.NET | Ajax Framework | Ansible | Apache Maven | Assembly (programaci√≥n inform√°tica) | C# | C++,0.5365,0.9881,bge-m3+esco-xlm,hybrid-v1,,
MEDIO-BAJO,1118015641,Developer Trainee - Hibrido Retiro CABA,"Developer TraineeEstamos en la b√∫squeda de un/a estudiante de la carrera de Sistemas de la Informaci√≥n que tenga ganas de aprender, crecer y aportar ideas. Esta posici√≥n es ideal para quienes est√©n dando sus primeros pasos en el mundo IT y quieran sumar experiencia pr√°ctica en tecnolog√≠a y gesti√≥n de sistemas.¬øQu√© ofrecemos? Un entorno din√°mico y colaborativo. Acompa√±amiento de profesionales con experiencia. Oportunidad de aplicar conocimientos acad√©micos en proyectos reales.Buscamos alguien que sea: Proactivo/a y con ganas de aprender. Curioso/a por la tecnolog√≠a y la mejora continua. Con buena predisposici√≥n para trabajar en equipo.Requisitos:Ingles avanzado excluyente Estudios en sistemas o a fines , en Cuarto / Quinto a√±o. Que este estudiando actualmente.Si tenes alguna tecnologia o certificacion, suma",ACCIONA IT,Buenos Aires,19,2621,http://data.europa.eu/esco/occupation/bd272aee-adc9-4a06-a15c-a73b4b4a46a7,desarrollador de aplicaciones de TIC/desarrolladora de aplicaciones de TIC,,,C2514,2,Profesionales cient√≠ficos e intelectuales,25,251,2514,Proponer soluciones tecnol√≥gicas a problemas empresariales | analizar especificaciones de software | crear diagrama de flujo | depurar software | desarrollar m√©todos de migraci√≥n automatizada | desarrollar un prototipo de software | gestionar conocimientos empresariales | herramientas de depuraci√≥n de las TIC | herramientas para la gesti√≥n de la configuraci√≥n del software | identificar requisitos del cliente,ABAP | AJAX | APL | ASP.NET | Ajax Framework | Ansible | Apache Maven | Assembly (programaci√≥n inform√°tica) | C# | C++,0.5988,0.9888,bge-m3+esco-xlm,hybrid-v1,,
MEDIO-ALTO,1117979616,CHOFER PARA CARGA PELIGROSA,"PARA IMPORTANTE PLANTA UBICADA EN QUILMESBuscamos chofer con experiencia en carga peligrosa (excluyente) registro de carga peligrosa vigente(excluyente)Tareas: Realizar viajes por zona sur, CABA y disponibilidad para viajes al interior del pais (excluyente)Valoraremos a aquellas personas responsables y comprometidas con tarea con muy buena predisposicion al cliente.",Consultora,Buenos Aires,3,109,http://data.europa.eu/esco/occupation/c5d779f4-345b-4918-872b-a1cbaeb1d9be,conductor de cami√≥n de transporte de mercanc√≠as peligrosas/conductora de cami√≥n de transporte de mercanc√≠as peligrosas,,,C8332,8,Operadores de instalaciones y m√°quinas,83,833,8332,capacidad de carga del veh√≠culo | componentes mec√°nicos de los veh√≠culos | controlar el rendimiento del veh√≠culo | estacionar veh√≠culos en bater√≠a | interpretar las se√±ales de tr√°fico | llevar libros diarios | maniobrar camiones pesados | mantenerse alerta | medidas de salud y seguridad en el transporte | operar equipo de emergencia,llevar un registro del consumo de combustible por kil√≥metro | transporte internacional de mercanc√≠as peligrosas por carretera,0.6650,0.9921,bge-m3+esco-xlm,hybrid-v1,,
MEDIO-ALTO,1118037188,Tecnico mecanica pesada,"Importante Empresa Logistica de Grand Bourg incorporaraTecnico Mecanica PesadaRequisitosResidir en zona Mayor 30 a√±os Experiencia comprobable en mantenimiento de Flota pesada preferentemente en Empresas de Logistica y TransporteConocimientos comprobales en Mecanica, elasticos, motores, frenos, etc",MMG Servicios Eventuales,Buenos Aires,3,109,http://data.europa.eu/esco/occupation/f7145f87-5940-43f5-bc98-aa1a2b872b47,t√©cnico de maquinaria agr√≠cola/t√©cnica de maquinaria agr√≠cola,,,,,Desconocido,,,,conducir m√°quinas agr√≠colas | consultar fuentes de documentaci√≥n t√©cnica | equipos agr√≠colas | manejar equipos de soldadura | mantener maquinaria agr√≠cola | mec√°nica | operar herramientas para soldadura | realizar controles peri√≥dicos de maquinaria | realizar el mantenimiento del equipo instalado | realizar tareas de mantenimiento de m√°quinas,aplicar capacidades de comunicaci√≥n t√©cnica | asesorar sobre mejoras de seguridad | calcular el coste de una reparaci√≥n | electr√≥nica | eliminar residuos peligrosos | emitir facturas de venta | encargar suministros | garantizar el cumplimiento de la legislaci√≥n ambiental | hidr√°ulica | instalar equipos el√©ctricos y electr√≥nicos,0.6423,0.9897,bge-m3+esco-xlm,hybrid-v1,,
MEDIO-ALTO,1118022863,Auxiliar Administrativo/a Contable,"¬°Conoc√© m√°s sobre nuestra b√∫squeda! üëáüí° Competencias‚úî Responsabilidad y compromiso.‚úî Planificaci√≥n y organizaci√≥n.‚úî Atenci√≥n al detalle y precisi√≥n.‚úî Proactividad y orientaci√≥n al aprendizaje.‚úî Buena comunicaci√≥n y trabajo colaborativo.‚úî Adaptabilidad y actitud positiva ante nuevos desaf√≠os.‚úî Capacidad de an√°lisis.‚ú®Requisitosüîé Estudiante promediando la carrera de Administraci√≥n de Empresas, Contabilidad o carreras afines.üîé Experiencia m√≠nima de 1 a√±o en tareas administrativas (carga de facturas, pagos, conciliaciones, cobranzas).üîé Se valora dominio del sistema Tango (no excluyente).üîé Buen manejo de Excel y herramientas inform√°ticas.üîé Perfil ordenado, responsable y con atenci√≥n al detalle.üîé Capacidad para trabajar en equipo y adaptarse a entornos din√°micos.üî≤ Responsabilidades‚úÖ Cargar y registrar facturas de proveedores en sistema Tango.‚úÖ Colaborar en la gesti√≥n de pagos, control de vencimientos y seguimiento de cuentas corrientes.‚úÖ Realizar conciliaciones bancarias y control de movimientos.‚úÖ Asistir en la facturaci√≥n y cobranza a clientes.‚úÖ Brindar soporte administrativo general: archivo, control de documentaci√≥n y actualizaci√≥n de planillas de gesti√≥n.‚úÖ Colaborar en la elaboraci√≥n de reportes e indicadores administrativos.‚úÖ Acompa√±ar la implementaci√≥n de mejoras en procesos y herramientas del √°rea.‚úÖ Imputaciones contables.üìç Condiciones‚úî Modalidad: Presencial.‚úî Ubicaci√≥n: Retiro, CABA.‚úî Horario: Lunes a viernes de 9: 0 0 a 1 8: 0 0 hs.‚úî Reporta a: Jefe de Administraci√≥n.",Valor Humano,Buenos Aires,1,22,http://data.europa.eu/esco/occupation/1d6fbb43-f4c7-4839-8099-55eae5d424a5,asistente administrativo para campa√±as de recaudaci√≥n de fondos/asistente administrativa para campa√±as de recaudaci√≥n de fondos,,,,,Desconocido,,,,apoyar a los gestores y directivos | establecer contacto con donantes potenciales | gestionar cuentas | realizar actividades corrientes de oficina | realizar actividades de recaudaci√≥n de fondos | realizar investigaci√≥n empresarial | realizar tareas administrativas,administrar una p√°gina web | conservar la documentaci√≥n financiera | coordinar eventos | desarrollar una red profesional | elaborar instrumentos promocionales | gestionar el inventario de consumibles | gestionar el reparto de material publicitario | gestionar la base de datos de donantes | gestionar presupuestos | instruir a voluntarios,0.6591,0.9910,bge-m3+esco-xlm,hybrid-v1,,
MEDIO-ALTO,1117965221,Bioqu√≠mico/a - Especialista en Aplicaciones,"Somos una empresa dedicada a la importaci√≥n y distribuci√≥n de equipos e insumos para laboratorios de an√°lisis cl√≠nicos, enfocada en brindar soluciones innovadoras y confiables al sector. Actualmente, buscamos un/a Bioqu√≠mico/a graduado con experiencia en autoanalizadores de qu√≠mica cl√≠nica y autoinmunidad.Responsabilidades: Brindar asesoramiento t√©cnico a clientes sobre el uso, mantenimiento y aplicaci√≥n de equipamiento automatizado y reactivos espec√≠ficos. Configuraci√≥n y puesta a punto de autoanalizadores en laboratorios. Capacitaci√≥n a clientes sobre el uso y manejo de los equipos. Colaboraci√≥n con distintas √°reas de la empresa para garantizar soluciones integrales. Asesoramiento t√©cnico especifico del area. Realizar visitas t√©cnicas. Requisitos: Excelentes habilidades de comunicaci√≥n y relaciones interpersonales. Capacidad para trabajar en equipo, generando v√≠nculos profesionale y en coordinaci√≥n con otras √°reas Se valorar√° experiencia en asesoramiento t√©cnico y atenci√≥n al cliente en el √°mbito bioqu√≠mico. Conocimientos b√°sicos en software y hardware relacionados con equipos de laboratorio y manejo del idioma ingl√©s (deseable). Disponibilidad para viajar al interior del pa√≠s en caso de ser necesario.üìß Env√≠a tu CV a: con asunto: ‚ÄúBioq. Especialista en Aplicaciones‚Äùüëâ No olvides incluir tu remuneraci√≥n pretendida.üìç Ubicaci√≥n:Palermo üïí Modalidad:Full Time (lunes a viernes de 9 a 17 h).",LABORTEKNIC,Buenos Aires,23,2639,http://data.europa.eu/esco/occupation/55076d82-52a7-47eb-b882-f12322c42ecd,qu√≠mico especialista en productos textiles/qu√≠mica especialista en productos textiles,,,,,Desconocido,,,,dise√±ar hilos | dise√±ar tejidos de punto por urdimbre | establecer especificaciones de tejidos t√©cnicos | evaluar las caracter√≠sticas del tejido | investigaci√≥n y desarrollo de la industria textil | mantener las normas de trabajo | propiedades de las materias textiles | qu√≠mica textil | realizar operaciones de pruebas textiles | salud y seguridad en la industria textil,elaborar f√≥rmulas de colores para tejidos | fabricar fibras artificiales y sint√©ticas | situaciones dif√≠ciles en la industria textil | tecnolog√≠a de m√°quinas de fabricaci√≥n de telas no tejidas,0.6041,0.9912,bge-m3+esco-xlm,hybrid-v1,,
MEDIO-ALTO,1118012795,T√©cnico/a Electr√≥nico/a - Mar del Plata,"¬øQui√©nes somos?Como ya conoces, somos un grupo multinacional dedicado al entretenimiento y al ocio, l√≠der en el sector del juego privado, con cuatro d√©cadas de experiencia y con presencia en siete pa√≠ses de Europa (Espa√±a e Italia) y Latinoam√©rica (Argentina, Colombia, M√©xico, Panam√° y Uruguay) y una amplia operaci√≥n on line. Nuestra plantilla actual cuenta con m√°s de 10.000 empleados comprometidos con ofrecer a los clientes un servicio de excelencia, y productos y servicios de entretenimiento que les proporcionen experiencias que conecten con sus motivaciones, a trav√©s de las distintas posibilidades que les presenta la compa√±√≠a: terminales de juego, salas de juego, apuestas deportivas, hip√≥dromos y juego online.Somos una empresa comprometida con la diversidad laboral como motor de cambio. Estamos orgullosos de ofrecer igualdad de oportunidades sin importar la raza, nacionalidad, origen cultural, sexo, edad, estado civil, orientaci√≥n sexual, identidad de g√©nero, discapacidad y creencias religiosas o pol√≠ticas. ¬øCu√°l ser√° tu misi√≥n como T√âCNICO/A DE SALA?Realizar el mantenimiento y reparaciones de aparatos el√©ctricos e instrumental de juego de la Sala con el prop√≥sito de garantizar su correcto funcionamiento.Tus funciones principales se centrar√°n en: Asistir a las necesidades del cliente, requeridos por el personal de Sala, en lo referente a reparaciones b√°sicas. Realizar los controles peri√≥dicos sobre elementos cr√≠ticos que otorguen servicios.¬øQu√© necesitas para ser nuestro candidato ideal? Poseer t√≠tulo de T√©cnico/a en Electr√≥nico/a (graduado/a). Tener s√≥lidos conocimientos de fuentes conmutadas, electr√≥nica general y digital, video y herramientas inform√°ticas (Microsoft Office). Contar con experiencia en reparaci√≥n de artefactos electr√≥nicos. Se deber√° poseer amplia disponibilidad horaria para trabajar en turnos rotativos, con jornada de trabajo full time (8 horas). Modalidad Presencial. El lugar de trabajo est√° ubicado en la Ciudad de Mar del Plata.Buscamos un pe",CODERE ARGENTINA,Buenos Aires,16,32,http://data.europa.eu/esco/occupation/6e591f17-65c1-4a24-af2a-ca7862d4625e,representante t√©cnico de ventas de equipo electr√≥nico y de telecomunicaciones/representante t√©cnica de ventas de equipo electr√≥nico y de telecomunicaciones,,,C2434,2,Profesionales cient√≠ficos e intelectuales,24,243,2434,aplicar capacidades de comunicaci√≥n t√©cnica | atraer a nuevos clientes | caracter√≠sticas del producto | caracter√≠sticas del servicio | comprensi√≥n del producto | comunicarse con los clientes | contactar a los clientes por tel√©fono | demostrar motivaci√≥n para las ventas | elaborar estrategias de marketing | equipos electr√≥nicos y de telecomunicaciones,gestionar la garant√≠a de los equipos digitales,0.6123,0.9898,bge-m3+esco-xlm,hybrid-v1,,
ALTO,1118040411,Camareras/os - Restaurant,"Founded by Alan Faena, Faena is a pioneer company in its field, specializing in the creation of one-of-a kind holistic environments anchored in cultural experiences and socially responsible projects, which integrate residences and hotels with art and cultural spaces. Faena is rooted in ideas and concepts that have the power to reshape and enhance our world. Its projects are platforms for personal expression, cultural interaction and original thinking‚Äîdestination landmarks encompassing new buildings, revitalized historic properties, and dramatic natural settings, which Faena develops collaboratively with teams of leading architects, designers and artists.FAENA IS COLLABORATIONFAENA IS EXPERIENCEFAENA IS CULTUREFAENA IS COMMUNITYFAENA IS HOME Sumamos a nuestro equipo de F&B un/a profesional de servicio con una fuerte orientaci√≥n al cliente, creativo y flexible.Como camarera/o desarrollar√° las siguientes tareas: Preparar el sal√≥n antes, durante y despu√©s de la operaci√≥n. Revisar que la vajilla, cristaler√≠a y cuberter√≠a est√©n limpias y en perfecto estado. Cumplir con los procedimientos establecidos por los est√°ndares de servicio. Controlar el ritmo de las mesas y atender las necesidades de los comensales. Manejar las situaciones complejas con los clientes, cumpliendo con los procedimientos establecidos para dichos casos. Requisitos: Experiencia m√≠nima de 2 a√±os como camarera/o en hoteles de categor√≠a o restaurantes con altos est√°ndares de servicios. Secundario completo. Estudios en carreras afines (hoteler√≠a, gastronom√≠a, bartender, sommelier, eventos, etc) Ingles nivel avanzado. Disponibilidad horaria Registro de Manipulador de Alimento (CABA) vigente. Beneficios Paquete de beneficios.",Hotel Faena Buenos Aires,Buenos Aires,10,2350,http://data.europa.eu/esco/occupation/2b871272-bd61-4206-bd1a-0b96d7023098,cajero/cajera,,,C5230,5,Trabajadores de servicios y vendedores,52,523,5230,aplicar competencias matem√°ticas | aplicar medidas de prevenci√≥n de robos | emitir facturas de venta | garantizar la orientaci√≥n al cliente | manejar una caja registradora | ofrecer a los clientes servicios de seguimiento | procesar devoluciones | servicio al cliente | tramitar pagos | utilizar distintos m√©todos de comunicaci√≥n,capacitar a empleados | contar el dinero | elaborar informes de transacciones | empaquetar compras en bolsas | empaquetar productos para regalo | guiar a los clientes hacia la mercanc√≠a | mantener limpia la zona de caja | marcar el precio | organizar programas de fidelizaci√≥n | pesar los materiales,0.7083,0.9877,bge-m3+esco-xlm,hybrid-v1,,
ALTO,1118032390,T√©cnico mantenimiento,"CBRE Argentina, te ofrece la mejor oportunidad para consolidar tu trayectoria profesional en mantenimiento!Sobre el puesto Como T√©cnico/a de Mantenimiento de CBRE, ser√° responsable del mantenimiento de edificios, sistemas y equipos industriales de tama√±o peque√±o a mediano.Lo que har√°s Realizar tareas generales de mantenimiento y reparaci√≥n como resanes en muros, pintura, alba√±iler√≠a, carpinter√≠a, electricidad, plomer√≠a, tablaroca, entre otras. Realizar inspecciones de rutina de las instalaciones para identificar y abordar las necesidades de mantenimiento. Responder con prontitud a las solicitudes de mantenimiento y emergencias. Mantener la limpieza y el orden de las √°reas de trabajo e instalaciones. Ayudar con el montaje y desmontaje de eventos y actividades. Auxiliar a t√©cnicos especializados con lo necesario relacionado a mantenimiento. Otras tareas pueden ser asignadas.Lo que necesitas Secundario terminado Experiencia m√≠nima de 3 a√±os comprobada en trabajos de mantenimiento, reparaci√≥n, y/u oficios Cumplir con los requisitos f√≠sicos del puesto, incluyendo agacharse, estar de pie, caminar, subir escaleras y capacidad para levantar/transportar cargas pesadas, etc.Ofrecemos: Sueldo competitivo Estabilidad laboral Plan de medicina prepagada Contrato Indefinido¬øPor qu√© CBRE? Al unirse a CBRE, formar√° parte del l√≠der mundial en servicios e inversi√≥n inmobiliaria comercial que ayuda a empresas y personas a prosperar. Somos profesionales din√°micos, resolutivos y con visi√≥n de futuro que generan un impacto significativo. Nuestra cultura colaborativa se basa en nuestros valores compartidos: respeto, integridad, servicio y excelencia, y valoramos la diversidad de perspectivas, trayectorias y habilidades de nuestro equipo. En CBRE, tendr√° la oportunidad de trazar su propio camino y alcanzar su m√°ximo potencial. Damos la bienvenida a todos los candidatos.Divulgaci√≥n del uso de IA por parte de los solicitantes. Valoramos la interacci√≥n humana para comprender la experiencia, la",CBRE ARGENTINA S.A.,Buenos Aires,22,2609,http://data.europa.eu/esco/occupation/a48b9a5a-5ded-482d-8cda-7fd097a32c16,t√©cnico de mantenimiento de c√©sped/t√©cnica de mantenimiento de c√©sped,,,C6113,6,Agricultores y trabajadores agropecuarios,61,611,6113,an√°lisis de la composici√≥n qu√≠mica del agua | calcular el consumo de agua | construir greens y campos de golf | control de las enfermedades de los vegetales | controlar la calidad del agua | controlar plagas | dise√±ar √°reas para la pr√°ctica del deporte | ecolog√≠a | ejecutar actividades de control de enfermedades y plagas | especies vegetales,comunicarse con los clientes | cuidar plantas | cuidar √°rboles | cultivar plantas | emplear documentaci√≥n t√©cnica | gestionar el tiempo en actividades de dise√±o paisaj√≠stico | gestionar las aguas pluviales | gesti√≥n de las aguas pluviales | implementar planes para la gesti√≥n de zonas de c√©sped para deportes | informar sobre incidentes de contaminaci√≥n,0.7286,0.9799,bge-m3+esco-xlm,hybrid-v1,,
ALTO,2167918,Asesor comercial inmobiliari,"Descripci√≥n del puesto:Buscamos personas con perfil comercial, actitud emprendedora y ganas de crecer. Si tenes habilidades de comunicacion, esta puede ser tu oportunidad. Te estamos esperando!!Responsabilidades: - Captar propiedades y realizar un seguimiento - Asesorar en la compra, venta y alquiler de propiedades - Construir relaciones duraderas con los clientesBeneficios- Muy buenos ingresos por comisiones - Horarios flexibles - Excxelente clima laboral - Capacitacion - Medios publicitarios y oficina para reunionesContacto al 1 1 6- 2 7 4- 4 0 9 7",Reed Propiedades Lomas de San Isidro,Buenos Aires,6,35,http://data.europa.eu/esco/occupation/8ec8df02-e9dd-43b7-b416-5846ae0414ab,agente inmobiliario/agente inmobiliaria,,,C3334,3,T√©cnicos y profesionales de nivel medio,33,333,3334,administraci√≥n de la oficina | asesorar sobre el valor de la propiedad | atraer a nuevos clientes | comparar el valor de las propiedades | conservar la documentaci√≥n financiera | derecho contractual | derecho de propiedad | gestionar contratos | identificar las necesidades del cliente | informar sobre contratos de alquiler,analizar estados de edificios | analizar las necesidades de aseguramiento | analizar pr√©stamos | asesorar sobre inversiones | asistir a ferias de muestras | calcular rentabilidad | colaborar con las agencias de publicidad | consultar la calificaci√≥n crediticia | copropiedad | crear v√≠nculos con las autoridades locales,0.7081,0.9919,bge-m3+esco-xlm,hybrid-v1,,
ALTO,1118040090,RECEPCIONISTA HOTEL,"En Magna Hoteles, nos esforzamos por ofrecer una experiencia inolvidable a nuestros hu√©spedes. Desde el lujo de nuestras instalaciones hasta la calidez de nuestro servicio, cada detalle est√° cuidadosamente pensado para brindar comodidad y satisfacci√≥n.Con ubicaciones en los destinos m√°s ex√≥ticos y deseables del mundo, nuestros hoteles ofrecen una variedad de servicios y actividades dise√±adas para todos los gustos. Ya sea que busques una escapada relajante o una aventura emocionante, Magna Hoteles tiene algo para ti.√önete a nosotros y descubre por qu√© somos uno de los nombres m√°s confiables en la industria hotelera. Para Hotel 3 estrellas ubicado en CABA nos encontramos en b√∫squeda de Recepcionista/Conserje ( Eventual) Requisitos: Experiencia EXCLUYENTE en HotelesEducaci√≥n m√≠nima: terciarioA√±os de experiencia en el puesto: 1 a√±o Predisposici√≥n a la tareaBuena PresenciaIdioma Ingles Intermedio - EXCLUYENTEDisponibilidad FULL TIMEGran vocaci√≥n de servicio Manejo de programas PMS, conocimiento de toda la operatoria de una recepci√≥n, responsble y proactivo. Tener conocimiento del sistema operativo CQRDominio de E-channel ( Booking -Despegar , etc )Conocimiento de Facturaci√≥n tipo A, B , T ( tax free ) Dominio de herramientas Inform√°ticas.",Pedraza Viajes y Turismo,Buenos Aires,26,2380,http://data.europa.eu/esco/occupation/82025c02-9082-416c-998b-f51eb0359ee6,recepcionista de alojamientos tur√≠sticos,,,C4224,4,Personal de apoyo administrativo,42,422,4224,asistir en el registro de entrada | ayudar a clientes con necesidades especiales | elaborar estrategias de marketing | explicar caracter√≠sticas de la habitaci√≥n de invitados | gestionar las llegadas a los establecimientos de alojamiento | gestionar las salidas del alojamiento | gestionar operaciones financieras | gestionar reclamaciones de clientes | hacer el relevo de la zona de servicio | identificar las necesidades del cliente,anotar pedidos del servicio de habitaciones | detectar el abuso de alcohol y drogas | distribuir materiales con informaci√≥n local | evaluar la limpieza de los espacios | formar al personal de recepci√≥n | garantizar la intimidad de los hu√©spedes | mantener registros de informaci√≥n sobre incidentes | ocuparse de los efectos personales del cliente | realizar cuentas de final de d√≠a | software de gesti√≥n de inmuebles,0.8021,0.9905,bge-m3+esco-xlm,hybrid-v1,,
ALTO,2167038,Gerente de operaciones,"Garantor es una empresa argentina que ofrece soluciones de garant√≠a para alquileres mediante fianzas digitales, orientadas a inquilinos, propietarios y agentes inmobiliarios Estamos en la b√∫squeda de un profesional con visi√≥n estrat√©gica y mentalidad ejecutiva, capaz de liderar el crecimiento, la eficiencia operativa y el desarrollo tecnol√≥gico de una empresa con s√≥lida trayectoria y expansi√≥n constante.Ser√° responsable de dise√±ar e implementar la estrategia comercial, liderar equipos multidisciplinarios y garantizar el cumplimiento del presupuesto de ventas y gastos, manteniendo siempre la excelencia en calidad y servicio que caracteriza a la compa√±√≠a.Responsabilidades principales Liderar la estrategia de crecimiento y expansi√≥n comercial. Cumplir los objetivos de ventas, rentabilidad y eficiencia. Coordinar equipos de ventas, IT, control de gesti√≥n, finanzas y legales. Supervisar los proyectos tecnol√≥gicos y de desarrollo de software. Gestionar la cobranza tercerizada (extrajudicial y judicial). Analizar el mercado y la competencia para identificar oportunidades de mejora. Liderar procesos de mejora continua intersectoriales. Presentar resultados y planes de acci√≥n al Directorio. Viajar al interior del pa√≠s (m√≠nimo 3 veces al mes). Le reportan: Jefe de Ventas, L√≠der de IT/Procesos, y proveedores tercerizados de Control de Gesti√≥n, Contabilidad & Finanzas, Legales y Desarrollo de Software.Equipo a cargo: aprox. 15 personas. Requisitos: Experiencia m√≠nima de 5 a√±os en posiciones similares. 2+ a√±os liderando equipos comerciales. 2+ a√±os en proyectos de IT o con experiencia t√©cnica comprobable (certificaciones acad√©micas). 2+ a√±os en gesti√≥n de cobranzas (extra/judicial). 2+ a√±os en control de gesti√≥n. Dominio avanzado de Excel y Power BI. S√≥lidos conocimientos financieros y contables (preferente). Habilidades destacadas de liderazgo, comunicaci√≥n, negociaci√≥n y resoluci√≥n de conflictos. Capacidad para tomar decisiones √°giles en contextos din√°micos. T√≠tulo universitar",Ezequiel Conesa,Buenos Aires,11,94,http://data.europa.eu/esco/occupation/23993e79-a0a0-4155-9f62-68e14ee65dab,gerente de explotaci√≥n minera,,,,,Desconocido,,,,controlar producci√≥n minera | electricidad | garantizar el cumplimiento de la legislaci√≥n en materia de seguridad | gestionar procedimientos de emergencia | gestionar recursos humanos | impacto de los factores geol√≥gicos en operaciones mineras | ingenier√≠a de minas | legislaci√≥n en materia de seguridad minera | mantener registros de operaciones mineras | presentar informes,controlar costes de extracci√≥n | determinar mejoras de los procesos | gestionar equipos pesados | investigar accidentes en minas | peligros para la salud y la seguridad del trabajo subterr√°neo | pensar de forma proactiva | supervisar operaciones de construcci√≥n de minas,0.7488,0.9934,bge-m3+esco-xlm,hybrid-v1,,
