rango,id_oferta,titulo,esco_occupation_label,occupation_match_score,rerank_score,descripcion,evaluacion_correcto,evaluacion_parcial,evaluacion_incorrecto,notas
BAJO (< 0.50),1118038181,2OES | T√âCNICO PROYECTISTA | ZONA SUR | PRESENCIAL,dibujante t√©cnico/dibujante t√©cnica,0.4977,0.9887,"Desde Cona Consultores nos encontramos en la b√∫squeda de un T√©cnico Proyectista para importante empresa Metal√∫rgica ubicada en Lomas de Zamora.Sus principales responsabilidades ser√°n: Desarrollo integral de proyectos asignados, desde la interpretaci√≥n de la necesidad del cliente hasta la entrega final. Dise√±o y modelado 3D utilizando AutoCAD y SolidWorks. Dimensionamiento y c√°lculo de proyectos de envergadura. Aplicaci√≥n de conocimientos en hidr√°ulica, neum√°tica y soldadura. Interacci√≥n con clientes para comprender requerimientos y proponer soluciones t√©cnicas adecuadas. Coordinaci√≥n con las distintas √°reas involucradas en los procesos de fabricaci√≥n y montaje.Requisitos: Experiencia m√≠nima de 5 a√±os en dise√±o y desarrollo de proyectos industriales. Dominio avanzado de AutoCAD y SolidWorks (excluyente). Conocimientos s√≥lidos en hidr√°ulica, neum√°tica y soldadura. S√≥lida formaci√≥n t√©cnica y experiencia comprobable. Perfil din√°mico, proactivo y con gran capacidad resolutiva. Disponibilida",,,,
BAJO (< 0.50),1118034424,Team Leader Full Stack | Startup Tecnol√≥gica,analista de sistemas de TIC,0.4813,0.9898,"Team Leader Full Stack ‚Äì Startup Tecnol√≥gicaSi queres liderar el desarrollo desde cero de una Startup Tecnol√≥gica con presencia nacional y regional, definir el stack tecnol√≥gico, armar y guiar un equipo de backend, y participar en decisiones estrat√©gicas de producto, esta oportunidad es para vos!‚úîÔ∏è Qu√© buscamos: Experiencia senior en desarrollo full stack o backend. Experiencia en dise√±o de aplicaciones, idealmente en startups. Liderazgo de equipos t√©cnicos y capacidad de comunicaci√≥n Ingl√©s avanzado (oral y escrito). Proactividad, autonom√≠a y orientaci√≥n a resultados.‚úîÔ∏è Ofrecemos: Modalidad 100% remota (con encuentros ocasionales en CABA). Participar en un proyecto innovador desde su etapa inicial. Excelentes condiciones remunerativas",,,,
BAJO (< 0.50),1118007342,Valet Parking,representante de servicio de alquiler de autom√≥viles y veh√≠culos ligeros,0.4971,0.9909,"Desde hace 146 a√±os lideramos el entretenimiento en el coraz√≥n de la ciudad de Buenos Aires. Somos parte de DAGMA, un holding en constante crecimiento y diversificaci√≥n en Latinoam√©rica y Estados Unidos. Nuestra gesti√≥n empresarial est√° comprometida con el crecimiento responsable, transparente y sustentable. Conoc√© m√°s en www.palermo.com.arSus principales tareas ser√°n: Gestionar el ingreso y egreso a los estacionamientos de la empresa Recepcionar a los clientes que se presentan en los accesos de la Empresa y llevarlos a la playa de estacionamiento para que retiren sus veh√≠culos. Cumplir las medidas de tr√°nsito y de seguridad establecidas Realizar tareas de seguridad pasiva en las playas de estacionamientoRequisitos:Experiencia minima de 1 a√±o como valet parking, registro D 1 8 plazas (excluyente)Contar con disponibilidad para trabajar 6x 2 y en horarios rotativos.Beneficios:Se ofrecen muy buenas condiciones de contrataci√≥n y otros importantes beneficios como relaci√≥n de dependencia dir",,,,
BAJO (< 0.50),1118008939,Pasante de vi√±edos - San Carlos,acompa√±ante remunerado/acompa√±ante remunerada,0.4783,0.9848,"Mo√´t Hennessy, la divisi√≥n de vinos y espirituosos de LVMH, agrupa veinticinco Maisons. Nuestra visi√≥n es liderar el futuro de los vinos y espirituosos de lujo desde la naturaleza hasta las comunidades.Durante muchos a√±os, con la ambici√≥n de dejar un mundo mejor para las generaciones futuras, nos hemos comprometido con el programa Living Soils Living Together basado en cuatro compromisos clave: regenerar nuestros suelos, mitigar el impacto clim√°tico, involucrar a la sociedad y empoderar a nuestra gente. Mo√´t Hennessy se enorgullece de promover un entorno de trabajo diverso, equitativo e inclusivo para todos.Como empleador, Mo√´t Hennessy ofrece viajes √∫nicos por su ecosistema global, oportunidades para desarrollar nuevas habilidades y crecer profesionalmente En Terrazas de los Andes trabajamos todos los d√≠as apasionadamente para crear los mejores vinos de Argentina con un solo objetivo acompa√±arte en cada momento, en cada experiencia, en cada descorche.Nuestra convicci√≥n es que LAS PERS",,,,
BAJO (< 0.50),2163534,Vendedor Itinerante de Repuestos - Salta,"mayorista en maquinaria, equipos industriales, buques y aeronaves",0.4241,0.9935,"Romar nace en el a√±o 2022, c√≥mo marca ‚Äúparagua‚Äù de las empresas: Gemsa Automotores (Concesionario oficial Chevrolet), Rolcar (Concesionario Oficial Mercedes-Benz), Brook Motors (Concesionario Oficial RAM, Dodge, Chrysler, Jeep), Argreen y Teilen. Empresas con sus sedes centrales en Tucum√°n y sucursales por todo el norte argentino.Romar es la marca que representa y promueve la cultura y los valores que identifican a las empresas, les otorga identidad y marca el camino a seguir. Brinda el marco operativo y los fundamentos para que las empresas lo apliquen a cada una de acuerdo a su actividad y normativa.Argreen es una empresa agroexportadora familiar con m√°s de 45 a√±os de experiencia como productora de alimentos agr√≠colas, como ca√±a de az√∫car, soja, ma√≠z, trigo, lim√≥n. Brook Motors nace en el a√±o 2006, a trav√©s de Rolcar , se inicia la comercializaci√≥n de la marca Jeep en conjunto con las marcas Chrysler y Dodge. En 2016 se crea el nuevo proyecto Brook Motors, siendo a partir de ese a√±o ",,,,
BAJO (< 0.50),1117969136,"Programa de Pasant√≠as 2025/2026 Stellantis - El Palomar, Gran Buenos Aires",encargado de la puesta a punto de los neum√°ticos/encargada de la puesta a punto de los neum√°ticos,0.4712,0.9904,"Programa de Pasant√≠as Stellantis 2025/2026 - Planta El Palomar¬øQu√© esperar de nuestro Programa de Pasant√≠as y c√≥mo funciona?¬°El Programa de Pr√°cticas de Stellantis 2025/2026 es tu oportunidad de desarrollarte plenamente y salir preparado para el mercado laboral!Nuestro objetivo es fomentar el desarrollo de los estudiantes a trav√©s de un viaje de aprendizaje enfocado en su formaci√≥n profesional.En Stellantis, tutores capacitados te ayudar√°n a guiarte de la mejor manera en tu nueva trayectoria. Por no hablar de la posibilidad de transformar el mercado de la movilidad con nuestro equipo.¬øQuer√©s ser parte de todo esto y construir una carrera fuera de lo com√∫n? Si es as√≠, ¬°ven√≠ a ser Stellantis!¬øCu√°les son las √°reas de Stellantis y c√≥mo funcionan? Commercial: Las √°reas que componen el equipo comercial son responsables de la estrategia, operaciones comerciales y la postventa de las marcas de Stellantis en toda Am√©rica del Sur, tales como Abarth, Citro√´n, Fiat, Jeep¬Æ, Peugeot, Ram, entre otra",,,,
BAJO (< 0.50),1117948754,MUCAMA PART TIME PARA CL√çNICA,operario de limpieza de cortinas y alfombras/operaria de limpieza de cortinas y alfombras,0.4887,0.9895,Se busca Mucama para Clinica en Capital Federal para cubrir horario Part Time de 16 a 21 hs. Incorporaci√≥n inmediata. Es excluyente presentar referencias comprobables.--------------------------------------------------------------------------------------------------------------------------------------------------,,,,
BAJO (< 0.50),1117986996,Oficial de Empresas Sucursal Buenos Aires,empleado bancario especializado en asesoramiento sobre cuentas bancarias/empleada bancaria especializada en asesoramiento sobre cuentas bancarias,0.4944,0.9917,"Con 138 a√±os de trayectoria, somos una de las instituciones m√°s s√≥lidas del sistema financiero argentino, con presencia a lo largo y a lo ancho de nuestro pa√≠s. En nuestro recorrido, otorgamos 2 millones de cr√©ditos hipotecarios a familias argentinas, para que puedan acceder a su primera vivienda. Hoy nos estamos transformando, y tenemos una visi√≥n clara: ser el prestador de servicios financieros del hogar, las familias y las empresas argentinas.Buscamos ser:Eficientes y digitalesReconocidos por la excelencia en la atenci√≥n de nuestros clienteCon una cultura centrada en las personasCon decisiones basadas en datosCaracterizados por una huella social positiva¬øTe ves ac√°? ¬°Te invitamos a formar parte de nuestro equipo y sumarte a la #Transformaci√≥nBH! B√∫squeda laboral equitativa:El empleador s√≥lo podr√° solicitarle la informaci√≥n estrictamente necesaria para el desempe√±o en el trabajo que se ofrece (Ley N¬∞ de la Ciudad de Buenos Aires). Somos el #BancoDelHogar y nos encantar√≠a que te sumes",,,,
BAJO (< 0.50),1118039764,QA Sr,gerente de responsabilidad social empresarial,0.4958,0.9859,"üîç En Acciona IT estamos buscando un QA Manual SR üîçüìç Modalidad h√≠brida: 2 d√≠as presenciales en las oficinas de Munro, Zona Norte üß™ +5 a√±os de experiencia en pruebas manuales‚úÖ Conocimiento s√≥lido en metodolog√≠as de aseguramiento de calidad (QA): ‚Ä¢ Pruebas de regresi√≥n y de humo ‚Ä¢ Dise√±o de casos de prueba ‚Ä¢ Identificaci√≥n y configuraci√≥n de datos de prueba ‚Ä¢ T√©cnicas y optimizaci√≥n de pruebasüîÑ Experiencia en entornos √°giles (Scrum) üõ†Ô∏è Herramientas: Jira, Confluence, Github üåê Browserstack (deseable) üó£Ô∏è Ingl√©s avanzado (excluyente)Si te interesa la posici√≥n y cumpl√≠s con los requisitos, ¬°postulate ac√°!",,,,
BAJO (< 0.50),1118019292,Analista Impuestos SR,representante de servicio de alquiler de autom√≥viles y veh√≠culos ligeros,0.4770,0.9910,"Todo lo que te mueve, en un solo lugar Car One es una compa√±√≠a referente en la industria automotriz con m√°s de 27 a√±os de trayectoria, que ofrece un universo integral de soluciones de movilidad. En cuanto a la comercializaci√≥n de veh√≠culos, pone a disposici√≥n de sus clientes la mayor selecci√≥n de Usados Garantizados y una gama diversificada de autos 0 KM de m√°s de 10 marcas l√≠deres, entre ellas, Chevrolet, Fiat, Peugeot, Renault y Volkswagen, a las que recientemente se sumaron Great Wall Motors, Mitsubishi, adem√°s de Jeep y Ram del Grupo Stellantis. A su vez, Car One ofrece soluciones para cada punto de contacto en el v√≠nculo entre las personas y sus veh√≠culos: financiaci√≥n, planes de ahorro, servicios de postventa con talleres oficiales y propios, repuestos y accesorios originales, gomer√≠a, agente de seguros, escriban√≠a propia, instalaci√≥n de Telepase para autopistas, y alquiler de flotas corporativas y autos particulares, entre much√≠simas soluciones m√°s. Como ves, somos una empresa e",,,,
MEDIO-BAJO (0.50-0.60),1117958656,Asesor comercial de planes de ahorro (automotriz),asesor comercial para venta de productos relacionados con la energ√≠a solar/asesora comercial para venta de productos relacionados con la energ√≠a solar,0.5556,0.9941,"Importante concesionaria oficial se encuentra en la b√∫squeda de un Asesor Comercial Automotriz con marcado perfil vendedor y comercial, para sumarse a nuestro equipo en constante crecimiento!üëâ Requisitos (excluyentes): Experiencia comprobable en la venta de planes de ahorro automotriz. Perfil netamente comercial, proactivo y orientado a resultados. Excelentes habilidades de negociaci√≥n y comunicaci√≥n. Capacidad para generar y fidelizar clientes.üìù Responsabilidades: Comercializaci√≥n de planes de ahorro de la marca. Captaci√≥n y seguimiento de nuevos clientes. Asesoramiento integral durante el proceso de venta. Cumplimiento de objetivos comerciales mensuales.üí° Se valora: Experiencia en concesionarias oficiales. Cartera propia de clientes. Notebook propia.‚ú® Te ofrecemos: Incorporaci√≥n inmediata a una concesionaria oficial en expansi√≥n. Atractivo esquema de remuneraci√≥n fija + comisiones competitivas con el mercado. Excelente clima laboral y oportunidades de crecimiento profesional.üìç Zona: ",,,,
MEDIO-BAJO (0.50-0.60),1117973662,Gerente Operaciones IT,gestor de operaciones de TIC/gestora de operaciones de TIC,0.5962,0.9875,"ANFLER busca su pr√≥ximo Gerente de Operaciones IT (COO) En ANFLER nos especializamos en el desarrollo de soluciones tecnol√≥gicas a medida: aplicaciones m√≥viles, marketing digital, data analysis, infraestructura y aplicaciones de gesti√≥n. Actualmente, estamos expandiendo nuestra propuesta de valor con servicios de Inteligencia Artificial (IA) para potenciar los negocios de nuestros clientes. üëâ Responsabilidades principales * Dise√±ar, implementar y optimizar procesos de entrega de proyectos tecnol√≥gicos. * Supervisar cartera de proyectos, recursos y cumplimiento de plazos. * Liderar equipos de Project Managers, l√≠deres t√©cnicos y operaciones. * Asegurar la satisfacci√≥n del cliente y la calidad en cada entrega. * Medir y analizar KPIs de operaci√≥n (plazos, utilizaci√≥n de recursos, m√°rgenes). * Participar en la planificaci√≥n estrat√©gica junto al CEO y el board. üëâ Requisitos * +5 a√±os liderando operaciones en empresas de tecnolog√≠a (excluyente). * Trayectoria comprobable en desarrollo de so",,,,
MEDIO-BAJO (0.50-0.60),2165396,Analista de Planificaci√≥n Comercial y BI,t√©cnico analista de administraci√≥n y sistemas/t√©cnica analista de administraci√≥n y sistemas,0.5555,0.9908,"Encontr√° el trabajo que busc√°s en la mayor red de gimnasios del pa√≠s y form√° parte de nuestro equipo de profesionales.Si sos din√°mico, ten√©s vocaci√≥n de servicio y pasi√≥n para lograr tus metas, pod√©s unirte a nuestro Staff ¬øQui√©nes somos?Somos un grupo de tres empresas dedicadas a inspirar y motivar a las personas a alcanzar su bienestar. Buscamos un/a Analista de Planificaci√≥n Comercial apasionado/a y altamente motivado/a para unirse a nuestro equipo.¬øQu√© buscamos?Nos orientamos a graduados o estudiantes avanzados en Sistemas, Administraci√≥n de Empresas o a fines con experiencia m√≠nima de 2 a√±os en √°rea de inteligencia comercial y planificaci√≥n de negocio (preferentemente de comercializaci√≥n de servicios)Principales desaf√≠os: Mantenimiento y actualizaci√≥n de tableros de control e indicadores clave para la toma de decisiones Limpieza, transformaci√≥n y presentaci√≥n de reportes de gesti√≥n comercial Seguimiento, actualizaci√≥n y presentaci√≥n de cierre mensual de comisiones y premios comerc",,,,
MEDIO-BAJO (0.50-0.60),1118031067,Programador Fullstack (Vue.js y .NET),desarrollador de cadenas de bloques/desarrolladora de cadenas de bloques,0.5078,0.9860,"Somos MCR Servicios SRL, una empresa argentina con m√°s de 10 a√±os de experiencia brindando soluciones de log√≠stica integral a nuestros clientes en operaciones de medio y gran volumen. Nos apasiona cautivar a nuestros clientes con soluciones a su medida, que nos permitan integrarlos a nuestra actividad diaria, generando el balance perfecto entre costo log√≠stico y excelencia operativa. Invit√°ndolos a escalar en sus negocios con una base s√≥lida. Nos esforzamos para adaptar nuestra esencia a la de nuestros clientes, apoy√°ndonos siempre en los pilares de nuestra cultura empresaria: Compromiso, Honestidad, Esfuerzo, Cercan√≠a y Pasi√≥n por lo que hacemos. Estamos en b√∫squeda de programador fullstack ( .NET) para incorporar a nuestro equipo de IT en formaci√≥n.Su funci√≥n ser√° programar e implementar mejoras en nuestros sistemas existentes y programar y desarrollar nuevas plataformas y aplicaciones. Requisitos: Desarrollo front-end: Experiencia con , incluyendo sus flujos de trabajo (Vue CLI, Vue",,,,
MEDIO-BAJO (0.50-0.60),2165613,Consultor SAP SD,consultor de TIC verdes/consultora de TIC verdes,0.5135,0.9909,"¬°Atenci√≥n Rosario y alrededores! Seleccionamos Consultor SAP SD para Method, empresa l√≠der en consultor√≠a tecnol√≥gica y transformaci√≥n digital. Modalidad: H√≠brida (Rosario)Responsabilidades principales: Configurar procesos de ventas nacionales e internacionales. Ajustar esquemas de precios, descuentos y documentos de venta. Dise√±ar integraci√≥n con sistemas externos de facturaci√≥n y log√≠stica. Validar escenarios de consignaciones, devoluciones y ventas intercompany. Requisitos: +5 a√±os de experiencia en SAP SD. S√≥lidos conocimientos en pricing, impuestos y ciclo de facturaci√≥n. Experiencia en implementaciones o rollouts regionales SAP. Ingl√©s t√©cnico (deseable). Residencia en Rosario o alrededores.",,,,
MEDIO-BAJO (0.50-0.60),1118022114,Responsable de Marketing,director de relaciones con los clientes/directora de relaciones con los clientes,0.5389,0.9908,"Cuesta Blanca es una marca argentina de indumentaria femenina con m√°s de 20 tiendas en el pa√≠s. Nos especializamos en ofrecer colecciones modernas, accesibles y vers√°tiles, pensadas para acompa√±ar a nuestras clientas en cada momento de su vida.Nuestro equipo de tiendas es el motor de la marca: trabajamos en un entorno din√°mico, orientado al servicio y con oportunidades de desarrollo. Creemos en la importancia del trabajo en equipo, la vocaci√≥n por la moda y la cercan√≠a con nuestras clientas.Formar parte de Cuesta Blanca significa integrarse a una empresa en constante crecimiento, con espacio para aprender, crecer profesionalmente y compartir la pasi√≥n por la moda. En Cuesta Blanca buscamos una Responsable de Marketing con enfoque comercial, creatividad y visi√≥n estrat√©gica para liderar el plan de marketing 360¬∞ de la marca. Queremos a alguien que potencie nuestra identidad, genere acciones que impacten directamente en ventas y atraiga clientes sin depender de promociones bancarias.Resp",,,,
MEDIO-BAJO (0.50-0.60),1118016288,Analista de Vuelos para Importante Operador Mayorista Receptivo.,analista de fusiones y adquisiciones,0.5457,0.9908,"Unique Talent Solutions Is HiringAnalista de Vuelos para Importante Operador Mayorista Receptivo.Si sos un apasionado del turismo, tenes experiencia en la gesti√≥n de reservas a√©reas y est√°s buscando un nuevo desaf√≠o en tu carrera, esta b√∫squeda es para vos! Principales Responsabilidades: Cotizaci√≥n de cupos a√©reos seg√∫n demanda de clientes internos. Atenci√≥n y soporte a clientes internos. Gesti√≥n integral de reservas, emisi√≥n y seguimiento de cupos a√©reos. Control de vencimientos y seguimiento de reprogramaciones. Chequeo y control de colas en sistemas GDS. Atenci√≥n de guardias seg√∫n esquema definido. Reservas de grupos y liquidaciones. Requisitos: Requisitos: Experiencia previa de 3 a 5 a√±os en posiciones similares. Idioma Ingles Intermedio. Conocimiento y dominio de sistemas GDS Sabre y Amadeus (excluyente) Residencia en CABA y/o GBA. Adaptabilidad y flexibilidad. Orientaci√≥n al cliente interno y a resultados. Atenci√≥n al detalle y calidad. Beneficios Que Ofrecemos: Modalidad H√≠brida",,,,
MEDIO-BAJO (0.50-0.60),1117889575,LIQUIDADOR/A DE SUELDOS,operario de limpieza exterior de edificios/operaria de limpieza exterior de edificios,0.5242,0.9883,"üì£ B√öSQUEDA LABORAL ‚Äì LIQUIDADOR/A DE SUELDOSDesde Mook‚Äôs Recursos Humanos nos encontramos en la b√∫squeda de un/a Liquidador/a de Sueldos para sumarse al equipo de una reconocida instituci√≥n en La Plata.üìç Zona: La Plata üïí Modalidad: Presencial | 30 o 40 hs semanalesüîé Buscamos una persona con perfil t√©cnico y experiencia comprobable en procesos integrales de liquidaci√≥n de haberes, tanto para personal en relaci√≥n de dependencia como figuras asimilables.‚úÖ Responsabilidades: Altas, bajas y modificaciones laborales. Liquidaci√≥n de sueldos, honorarios, becas y subsidios. Emisi√≥n de recibos y acreditaciones. Liquidaci√≥n de cargas sociales (F.931) y contribuciones sindicales. Gesti√≥n de licencias, indemnizaciones, embargos y ART.üéØ Requisitos excluyentes: Experiencia comprobable en liquidaci√≥n integral de haberes. Manejo de Excel y sistemas de liquidaci√≥n (preferentemente SQL Sueldos). Perfil organizado, comunicativo y orientado a objetivos.‚ú® Se valorar√°: Experiencia previa en el sector educati",,,,
MEDIO-BAJO (0.50-0.60),1118035838,Vendedor y repositor | Full Time | Cadena 365 Kioscos,vendedor de piezas de repuesto de autom√≥viles/vendedora de piezas de repuesto de autom√≥viles,0.5720,0.9890,"Nos encontramos en b√∫squeda de vendedores con claro perfil comercial de productos de consumo masivo para formar parte de los equipos de venta de la cadena de Kioscos 365. Sus principales funciones ser√°n: Encargado de caja Organizaci√≥n de surtido y exhibici√≥n de mercader√≠a para la venta Control de inventarioContamos con jornadas laborales en los turnos tarde y noche a elecci√≥n del entrevistado. No se requiere experiencia previa, capacitaci√≥n a cargo de la empresa, muy buen clima laboral y oportunidades de desarrollo y crecimiento dentro de la misma.Requisitos que deben cumplir los postulantes Educaci√≥n: Secundario completo. Lugar de residencia: Capital Federal y parte de la Provincia de Buenos Aires Edad: Desde 25 hasta 55 a√±os Enviar CV y remuneraci√≥n pretendidaLos postulantes preseleccionados ser√°n contactados para informarles acerca del proceso de selecci√≥n y acordar una entrevista presencial en la cual se les brindar√° toda la informaci√≥n necesaria y se responder√°n todas sus dudas.",,,,
MEDIO-BAJO (0.50-0.60),1118032041,Ejecutivo de Cuentas B2B,gestor de cuentas de TIC/gestora de cuentas de TIC,0.5585,0.9907,"Estamos buscando un/a EJECUTIVO DE CUENTAS B2B Para sumarse al equipo del rubro E-Commerce en plena expansi√≥n. üéØ Responsabilidades principales: ‚Äì Desarrollar y gestionar una cartera de tiendas de electrodom√©sticos asociadas. ‚Äì Ofrecer y posicionar el medio de pago y financiamiento como soluci√≥n de venta. ‚Äì Acompa√±ar el proceso comercial asegurando una excelente experiencia del cliente. ‚Äì Detectar oportunidades de negocio y contribuir al crecimiento del canal B2B. üß† Requisitos: ‚Äì Experiencia comprobable en ventas B2B. ‚Äì Haber comercializado financiamiento o pr√©stamos a tiendas de electrodom√©sticos. ‚Äì Perfil comercial proactivo, orientado a resultados y con capacidad de generar v√≠nculos estrat√©gicos. üìç Ubicaci√≥n: San Isidro, Zona Norte üïò Horario: Lunes a viernes de 9:00 a 18:00 üè¢ Modalidad: H√≠brida (1 d√≠a presencial) üí∞ Condiciones: ‚Äì Contrataci√≥n en relaci√≥n de dependencia ‚Äì Salario: fijo + variable (comisiones sin tope, 2% sobre lo vendido) No te lo pierdas, Esperamos tu postulaci√≥n!",,,,
MEDIO-ALTO (0.60-0.70),2166571,Cocinera para Geri√°trico,cocinero especializado en pescados y mariscos/cocinera especializada en pescados y mariscos,0.6439,0.9914,"Cocinera para Geri√°tricoResumen del PuestoEstamos buscando una Cocinera dedicada y apasionada para unirse a nuestro equipo en un entorno geri√°trico. El candidato ideal tendr√° experiencia en la preparaci√≥n de comidas nutritivas y sabrosas para personas mayores, con un enfoque en dietas especiales y restricciones alimentarias.ResponsabilidadesPreparar comidas diarias siguiendo men√∫s establecidos y adapt√°ndose a las necesidades diet√©ticas individuales.Mantener la limpieza e higiene en la cocina y √°reas de preparaci√≥n de alimentos.Gestionar el inventario de alimentos y realizar pedidos seg√∫n sea necesario.Colaborar con el personal de enfermer√≠a y otros miembros del equipo para garantizar la satisfacci√≥n y el bienestar de los residentes.Cumplir con todas las normas de seguridad alimentaria y regulaciones sanitarias.RequisitosExperiencia comprobable como cocinera, preferiblemente en un entorno geri√°trico o similar.Conocimiento de dietas especiales y restricciones alimentarias comunes en pers",,,,
MEDIO-ALTO (0.60-0.70),1117990700,OPERARIO DE PRODUCCION FARMA,operador de gr√∫a de instalaciones de producci√≥n/operadora de gr√∫a de instalaciones de producci√≥n,0.6234,0.9904,"Empresa multinacional farmoqu√≠mica incorpora Operarios de Producci√≥nNos encontramos en la b√∫squeda de Operarios/as de Producci√≥n para sumarse a una compa√±√≠a l√≠der en el desarrollo y fabricaci√≥n de principios activos farmac√©uticos (APIs), con presencia global y altos est√°ndares de calidad.Requisitos: Experiencia previa en industria farmac√©utica o farmoqu√≠mica (excluyente). Conocimiento y manejo de normas GMP (Buenas Pr√°cticas de Manufactura). Formaci√≥n t√©cnica af√≠n (qu√≠mica, farmacia, biotecnolog√≠a, etc.).Principales responsabilidades: Elaborar productos seg√∫n Gu√≠as de Manufactura aprobadas, cumpliendo con normas GMP. Registrar tareas en cuadernos, planillas y gu√≠as de manufactura. Colaborar en la investigaci√≥n de desv√≠os relacionados con procesos, equipos o instalaciones. Participar en la formaci√≥n de equipos de validaci√≥n para calificaci√≥n de procesos y servicios. Informar al Coordinador de Producci√≥n ante fallas o desv√≠os en la ejecuci√≥n de tareas. Realizar limpieza de equipos y √°rea",,,,
MEDIO-ALTO (0.60-0.70),1118034551,Oficial Carpintero,carpintero/carpintera,0.6671,0.9874,"Buscamos un Oficial Carpintero para unirse a importante empresa del rubro gr√°fico en Villa Adelina, partido de San Isidro. El candidato ideal tendr√° un fuerte conocimiento en carpinter√≠a y ser√° capaz de trabajar de forma independiente y como parte de un equipo.Responsabilidades Construir y armar muebles y otros art√≠culos de madera. Leer y comprender planos y especificaciones. Utilizar herramientas y maquinaria de carpinter√≠a de forma segura y eficiente. Trabajar con otros carpinteros y artesanos para completar proyectos. Mantener un entorno de trabajo limpio y organizado.Requisitos Experiencia previa en carpinter√≠a. Conocimiento de herramientas y maquinaria de carpinter√≠a. Capacidad para leer y comprender planos y especificaciones. Excelentes habilidades manuales y de coordinaci√≥n. Excelentes habilidades de comunicaci√≥n.",,,,
MEDIO-ALTO (0.60-0.70),1118028650,Ejecutivo/a Comercial ‚Äì Ventas Industriales,director de comercializaci√≥n y ventas por canales electr√≥nicos/directora de comercializaci√≥n y ventas por canales electr√≥nicos,0.6367,0.9930,"Desarrollar, mantener y ampliar la cartera de clientes del sector industrial, brindando asesoramiento t√©cnico-comercial sobre productos metal√∫rgicos, asegurando el cumplimiento de los objetivos de venta, rentabilidad y satisfacci√≥n del cliente.Responsabilidades Principales Gestionar clientes actuales y potenciales dentro del rubro metal√∫rgico, sider√∫rgico o de manufactura. Asesorar t√©cnicamente sobre productos (materiales, piezas, maquinarias, estructuras met√°licas, etc.) seg√∫n las necesidades del cliente. ‚Ä¢ Elaborar cotizaciones, propuestas comerciales y seguimiento de presupuestos. ‚Ä¢ Negociar condiciones comerciales (precios, plazos, entregas, etc.) dentro de los m√°rgenes definidos por la empresa. Coordinar con los sectores de producci√≥n, log√≠stica y administraci√≥n para asegurar el cumplimiento de los pedidos. Analizar indicadores de venta, m√°rgenes y evoluci√≥n de clientes. Mantener actualizado el CRM o base de datos de clientes.Requisitos Formaci√≥n t√©cnica o comercializaci√≥n(prefere",,,,
MEDIO-ALTO (0.60-0.70),1118039974,Analista de Pago a Proveedores y Tesorer√≠a,analista de fusiones y adquisiciones,0.6737,0.9923,"üì¢ B√∫squeda Laboral: Analista de Pagos a Proveedores y Tesorer√≠aImportante forwarder europeo busca incorporar un/a Analista de Pagos a Proveedores y Tesorer√≠a para sumarse a su equipo en Retiro, CABA.Responsabilidades principales: Gesti√≥n integral de pagos a proveedores locales e internacionales. Control y conciliaci√≥n de cuentas corrientes. Emisi√≥n de √≥rdenes de pago y seguimiento de vencimientos. Coordinaci√≥n con bancos, proveedores y √°reas internas. Control de movimientos de caja y saldos bancarios. An√°lisis de flujo de fondos, imputaciones y gastos. Colaboraci√≥n en tareas de cierre contable y soporte al √°rea financiera.Requisitos: Experiencia comprobable en √°reas de tesorer√≠a o pagos (m√≠nimo 2 a√±os). Conocimientos s√≥lidos de procesos administrativos y contables. Manejo avanzado de Excel y sistemas de gesti√≥n (ERP). Ingl√©s avanzado (oral y escrito). Se tomar√° entrevista niveladora. Estudios en curso o finalizados en Administraci√≥n, Contabilidad o carreras afines. Perfil anal√≠tico, or",,,,
MEDIO-ALTO (0.60-0.70),1118027272,Asesor/a Comercial Inmobiliario,asesor comercial para venta de productos relacionados con la energ√≠a solar/asesora comercial para venta de productos relacionados con la energ√≠a solar,0.6136,0.9937,"Asesor/a Comercial InmobiliarioResumen del PuestoEstamos buscando un Asesor/a Comercial Inmobiliario din√°mico y orientado a resultados para unirse a nuestro equipo. El candidato ideal tendr√° experiencia en el sector inmobiliario y una pasi√≥n por ayudar a los clientes a encontrar la propiedad perfecta.ResponsabilidadesAsesorar a clientes sobre propiedades y servicios.Realizar presentaciones y visitas a las propiedades.Realizar tasaciones de inmuebles.Desarrollar y mantener relaciones con los clientes.Negociaci√≥n y cierre de ventas.Atenci√≥n al p√∫blico.Promoci√≥n de las propiedades.RequisitosEstudios concluidos: Corredor inmobiliario, martillero p√∫blico, arquitecto o abogado.Experiencia comprobable en el rubro inmobiliario de 2 a 3 a√±os (excluyente).Excelentes habilidades de comunicaci√≥n y negociaci√≥n.",,,,
MEDIO-ALTO (0.60-0.70),1118023882,Asesor Inmobiliario,agente inmobiliario especializado en alquiler de propiedades/agente inmobiliaria especializada en alquiler de propiedades,0.6269,0.9911,"Asesor Inmobiliario Resumen del Puesto Buscamos personas con mentalidad emprendedora, actitud positiva y ganas de crecer profesionalmente en el rubro inmobiliario. No se necesita experiencia previa, ya que brindamos capacitaci√≥n integral y acompa√±amiento continuo. Responsabilidades Desarrollar y gestionar tu propia cartera de clientes. Asesorar a clientes en la compra, venta y alquiler de propiedades. Realizar el seguimiento de las operaciones inmobiliarias. Participar en reuniones de equipo y capacitaciones. Requisitos Vocaci√≥n comercial y proactividad. Excelentes habilidades de comunicaci√≥n y negociaci√≥n. Capacidad para trabajar de forma aut√≥noma y en equipo. Mentalidad emprendedora y ganas de crecer profesionalmente. Estudios: Terciario completo o en curso (deseable). Beneficios Capacitaci√≥n continua y acompa√±amiento personalizado. Tecnolog√≠a de vanguardia para potenciar tu negocio. Excelente ambiente de trabajo en equipo. Flexibilidad horaria y autonom√≠a de gesti√≥n.",,,,
MEDIO-ALTO (0.60-0.70),1118009412,Analista en sistemas (It General),t√©cnico analista de administraci√≥n y sistemas/t√©cnica analista de administraci√≥n y sistemas,0.6258,0.9908,"Estamos sumando un nuevo integrante al area de soporte IT y estamos buscando jovenes con ganas de aprender, poner en practica lo aprendido y que deseen arrancar su carrera profesional dentro de una organizacion.La posicion estara vinculada a Atencion a incidencias de usuarios (hardware, software, impresoras, perif√©ricos) Resolucion de problemas de conectividad Instalacion y configuracion de sistemas operativos y aplicaciones Seguimiento de insumos y stock Requisitos Secundario completo ¬°Orientacion relacionada al area! Ganas de aprender, curioridad y actitud proactiva Conocimientos basicos en tecnologia e informatica Beneficios¬°Es muy importante para nosotros acompa√±ar a nuestro equipo! Requisitos:",,,,
MEDIO-ALTO (0.60-0.70),1118034787,Supervisor de Taller Mec√°nico ‚Äì Camiones PERGAMINO,mec√°nico de bicicletas/mec√°nica de bicicletas,0.6075,0.9905,"Nos encontramos en la b√∫squeda de un Supervisor de Taller para incorporarse a una importante empresa ubicada en Pergamino.El puesto tiene como principal objetivo supervisar y asegurar el correcto funcionamiento de la flota de veh√≠culos, garantizando el cumplimiento de las tareas de mantenimiento mec√°nico, el√©ctrico e hidr√°ulico, y la disponibilidad operativa de las unidades.Responsabilidades principales: Asignar y coordinar las tareas diarias del personal de mantenimiento seg√∫n las √≥rdenes de trabajo. Supervisar las actividades del taller, asegurando la correcta finalizaci√≥n de las reparaciones y su registro. Asesorar al personal t√©cnico y colaborar con otras sucursales en la resoluci√≥n de incidentes o fallas. Solicitar y controlar los repuestos necesarios, verificando su correspondencia con las necesidades del trabajo. Elaborar informes de seguimiento y reportes de accidentes o incidentes. Controlar el stock de repuestos, herramientas, combustibles y lubricantes. Asegurar el cumplimie",,,,
MEDIO-ALTO (0.60-0.70),1118034522,Supervisor de cocina- Villa Celina,supervisor de trabajo social/supervisora de trabajo social,0.6172,0.9917,"Importante comedor ubicado en Villa Celina busca personal con amplia experiencia en gastronom√≠a industrial con disponibilidad full time y conocimientos en bromatolog√≠a. Ser√° responsable de gestionar la operaci√≥n diaria, incluyendo la supervisi√≥n del personal, la garant√≠a de la calidad y seguridad alimentaria, y el cumplimiento de los est√°ndares de higiene.Disponibilidad full time",,,,
ALTO (> 0.70),2168320,Recepcionista,recepcionista de restaurante,0.9014,0.9926,"Desde Organizaci√≥n Sur nos encontramos en la b√∫squeda de una recepcionista para nuestra sucursal central de Lan√∫s.Requisitos: Secundario completoExperiencia comprobable mayor a 1 a√±oPreferentemente residir cerca del lugar de trabajoTareas:Atenci√≥n telef√≥nica y presencialDerivaci√≥n de llamadosManejo de p√°gina webIngreso de datos al sistemaRegistro de ingresosLanus, Buenos Aires. Jornada laboral de 8hs a 18hs de lunes a viernes.",,,,
ALTO (> 0.70),2168117,T√©cnico Radi√≥logo/a,t√©cnico en radiolog√≠a/t√©cnica en radiolog√≠a,0.8476,0.9887,T√©cnico Radi√≥logo/aResumen del PuestoEstamos buscando un T√©cnico Radi√≥logo/a para unirse a nuestro equipo. El candidato ideal deber√° contar con t√≠tulo y matr√≠cula vigente.ResponsabilidadesRealizar estudios radiol√≥gicos de acuerdo a las indicaciones m√©dicas.Asegurar la calidad de las im√°genes obtenidas.Mantener el equipo en √≥ptimas condiciones.Cumplir con las normas de seguridad radiol√≥gica.Atender a los pacientes de manera cordial y profesional.RequisitosT√≠tulo de T√©cnico Radi√≥logo/a.Matr√≠cula vigente.Experiencia en la realizaci√≥n de estudios radiol√≥gicos.Conocimiento de las normas de seguridad radiol√≥gica.Excelentes habilidades de comunicaci√≥n interpersonal.,,,,
ALTO (> 0.70),1118037207,Recepcionista L√≠der,recepcionista de club,0.7096,0.9903,"FLENI busca incorporar una Recepcionista L√≠der para sumarse al √°rea de Im√°genes. Nos orientamos a personas con marcado perfil de liderazgo, vocaci√≥n de servicio y capacidad para organizar equipos de trabajo.Su principal responsabilidad ser√° planificar y organizar las operaciones de Recepci√≥n de la Instituci√≥n de las √°reas a su cargo para favorecer la experiencia del paciente, asegurando un servicio de atenci√≥n de excelencia y contribuyendo a una experiencia satisfactoria para nuestros pacientes y sus familias, a trav√©s de los diferentes canales de consulta.Requisitos:Secundario completo.Experiencia en puestos similares o misma funci√≥n.Horario de trabajo: Lunes a Viernes de 13.00 a 21.00 Hs.Lugar de trabajo: Belgrano, CABA.Modalidad: Presencial",,,,
ALTO (> 0.70),1118034001,Analista de Marketing Jr.,analista de estudios de mercado,0.7044,0.9894,"¬°Esta propuesta te puede interesar! Nos encontramos en b√∫squeda de un Analista Marketing Junior para importante laboratorio multinacional ubicado en Puerto Madero. Modalidad: H√≠brida 4x1 (1 dia de home office a la semana) Responsabilidades: Carga y seguimiento de aprobaci√≥n de materiales promocionales Monitorear y reportar el desempe√±o de campa√±as publicitarias 360¬∞ Coordinar con agencias creativas, medios y equipos internos (comerciales, trade, innovaci√≥n) Brindar soporte al equipo comercial para el desarrollo de materiales de ventas Registro de gastos de marketing Contacto directo con agencias digitales y generaci√≥n de briefs. Implementaci√≥n de pauta, seguimientos, an√°lisis de resultados y propuestas de optimizaci√≥n de las campa√±as. Soporte en la organizaci√≥n de eventos Seguimiento y control de stock de materiales y recordatorios de marca Generaci√≥n de informes varios y an√°lisis de reportes del √°rea Participar en iniciativas de mejora continua y automatizaci√≥n de reportes Requisitos:",,,,
ALTO (> 0.70),1118039818,Administrativo Contable,analista contable,0.7376,0.9953,"Administrativo Contable con experiencia en rubro construcci√≥nEstamos buscando un Administrativo Contable con experiencia para unirse a nuestro equipo. El candidato ideal tendr√° experiencia en tareas administrativas contables, idealmente con experiencia en el rubro de la construcci√≥n. Buscamos una persona proactiva, organizada y con capacidad de trabajar en equipo.Responsabilidades Confecci√≥n y manejo de legajos. Liquidaci√≥n de sueldos. Realizaci√≥n de facturas y tareas contables generales. Manejo de documentaci√≥n administrativa. Colaboraci√≥n con otros departamentos.Requisitos Experiencia comprobable en tareas administrativas contables. Conocimientos en liquidaci√≥n de sueldos. Experiencia en facturaci√≥n. Manejo de herramientas inform√°ticas, especialmente Excel. Nivel de ingl√©s intermedio (deseable). Capacidad de organizaci√≥n y atenci√≥n al detalle.",,,,
ALTO (> 0.70),1118028079,AUXILIAR ADMINISTRATIVO,asistente de actuario,0.7512,0.9849,"Para Importante distribuidora de autopartes se necesita Auxiliar Adminitrativo: Requisitos -Secundario Completo, Estudiante de contabilidad, Administracion de empresas etc. - Conocimiento de Inform√°tica, facturaci√≥n y manejo de cuentas corrientes. -Disponibilidad Horaria Full Time Interesados enviar CV por este medio o a indicando remuneraci√≥n pretendida.",,,,
ALTO (> 0.70),1118033591,Ayudante de cocina,ayudante de cocina,0.9590,0.9928,"B√öSQUEDA LABORAL: AYUDANTE DE COCINA üîîEstamos en la b√∫squeda de un Ayudante de Cocina responsable, con ganas de trabajar y compromiso.‚úÖ Requisitos: Desde 25 a√±os en adelante Experiencia previa en cocina (excluyente) Buena predisposici√≥n y trabajo en equipo Velocidad y organizaci√≥n en momentos de demandaüïí Jornada laboral: Lunes a Viernes: 8:30 a 15:30 S√°bados: 9:30 a 15:30üí∞ Salario: $615.000üìç Zona: La Plata",,,,
ALTO (> 0.70),1118037316,Pizzero/Cocinero,pizzero/pizzera,0.8704,0.9947,"Pizzero/CocineroResumenEstamos buscando un Pizzero/Cocinero para el turno tarde-noche. El candidato ideal tendr√° amplia experiencia en amasado, bollado y horneado de pizzas media masa al molde, despacho de las mismas durante el servicio, elaboraci√≥n y despacho de ensaladas y postres.ResponsabilidadesAmasado, bollado y horneado de pizzas media masa al molde.Despacho de pizzas durante el servicio.Elaboraci√≥n y despacho de ensaladas y postres.Orden, limpieza y mantenimiento de la cocina.Buen trato hacia sus compa√±eros y referentes.RequisitosAmplia experiencia en las tareas mencionadas.Disponibilidad para el turno tarde-noche, de martes a domingos.",,,,
ALTO (> 0.70),1118031947,Supervisor de mantenimiento Zona Sur,supervisor de mantenimiento de veh√≠culos/supervisora de mantenimiento de veh√≠culos,0.7198,0.9934,"Nos encargamos del proceso de b√∫squeda, selecci√≥n y contrataci√≥n de personal t√©cnico para fabricas y empresas de ingenier√≠a. Realizamos procesos de evaluaci√≥n t√©cnica de acuerdo a las necesidades del puesto a cubrir. Cubrimos posiciones para diferentes niveles en √°reas de Producci√≥n, Mantenimiento, Calidad, Operaciones, Procesos, ingenier√≠a, Supply Chain, Customer Service, Log√≠stica, Seguridad & Higiene, Compras y Ventas T√©cnicas. Supervisor de Mnatenimiento ‚Äì Zona Sur (Lomas de Zamora).Nos encontramos en la b√∫squeda de un Supervisor Electromec√°nico/Mec√°nico de Mantenimiento para sumarse a nuestra industria ubicada en Zona Sur (Lomas de Zamora). Responsabilidades:Supervisar y coordinar tareas de mantenimiento correctivo y preventivo de equipos de producci√≥n y servicios.Liderar equipos de trabajo multidisciplinarios, asegurando el cumplimiento de los criterios y pautas definidos.Intervenir activamente en la ejecuci√≥n de reparaciones y mejoras.Analizar fallas, identificar causas ra√≠z y p",,,,
ALTO (> 0.70),1118040498,Analista Contable Senior,analista contable,0.7998,0.9927,"Importante empresa de CABA busca graduados de Contador P√∫blico, con ingl√©s avanzado y al menos cinco a√±o de experiencia previa en posiciones generalistas contables.Requisitos :Ingl√©s avanzado ( EXCLUYENTE, SER√Å EVALUADO ORALMENTE)Experiencia previa de al menos cinco a√±oLunes a viernes 9 a 18 hsModalidad h√≠brida 3x 2La empresa ofrece prepaga de primera l√≠nea, excelente paquete de beneficios y sueldo acorde.",,,,
