bigrama,frecuencia
ejecutivo comercial,31
on site,22
semi senior,21
san martin,19
ejecutivo ventas,19
gba sur,19
analista contable,19
ingles avanzado,19
seguridad higiene,18
analista funcional,17
analista sr,17
broker seguros,16
tecnico comercial,15
sueldo fijo,14
fijo comisiones,14
analista comercio,13
asesor tecnico,13
media strategist,13
contador publico,13
mix on,12
site remoto,12
full time,12
director tecnico,11
operarios as,11
analista impuestos,11
centro distribucion,11
base talentos,10
vendedor tecnico,10
turno tarde,10
analista siniestros,10
liquidador sueldos,10
concesionario oficial,10
asistente administrativo,9
prestaciones medicas,9
administrativo contable,9
gba norte,9
comercial seguros,9
comisiones techo,9
techo beneficios,9
jefe planta,9
estudio juridico,9
maritimo ingles,9
temporal seis,9
seis meses,9
remoto nunez,8
remoto rosario,8
creador contenido,8
asesor ventas,8
analista back,8
mar plata,8
